{
	"formatVersion": 3,
	"blockRenderSettings": {
		"anim-speed": "2000",
		"reverse-animation-direction": false,
		"colour-period": "7",
		"smooth-mix": true,
		"anim-with-distance": true,
		"anim-along-lines": false,
		"line-width": 2,
		"colours": [
			[
				"#ff7c77",
				1
			],
			[
				"#fff877",
				1
			],
			[
				"#82ff76",
				1
			],
			[
				"#77f8ff",
				1
			],
			[
				"#8377ff",
				1
			],
			[
				"#ff76e4",
				1
			]
		]
	},
	"hitboxRenderSettings": {
		"anim-speed": "1700",
		"reverse-animation-direction": true,
		"colour-period": "10",
		"smooth-mix": true,
		"anim-with-distance": true,
		"anim-along-lines": false,
		"line-width": 2,
		"apply-to-all-hitbox-lines": false,
		"colours": [
			[
				"#ff3831",
				1
			],
			[
				"#fff531",
				1
			],
			[
				"#42ff31",
				1
			],
			[
				"#33f5ff",
				1
			],
			[
				"#402fff",
				1
			],
			[
				"#ff30d6",
				1
			]
		]
	},
	"customName": "Rainbow Outlines"
}